scale,h,w,tokens,total_ms_mean,total_ms_std,transformer_ms_mean,transformer_ms_std,logits_ms_mean,logits_ms_std,sampling_ms_mean,sampling_ms_std,codes_ms_mean,codes_ms_std,next_scale_ms_mean,next_scale_ms_std,word_embed_ms_mean,word_embed_ms_std,other_ms_mean,other_ms_std
0,1,1,1,46.750,0.598,45.325,0.535,0.435,0.035,0.396,0.008,0.191,0.026,0.162,0.004,0.098,0.006,0.141,0.005
1,2,2,4,52.641,0.699,51.301,0.627,0.391,0.027,0.399,0.031,0.178,0.008,0.178,0.003,0.062,0.007,0.132,0.002
2,4,4,16,52.467,0.819,51.131,0.748,0.386,0.033,0.381,0.007,0.191,0.034,0.213,0.004,0.029,0.004,0.134,0.006
3,6,6,36,52.561,0.354,51.276,0.343,0.391,0.006,0.373,0.010,0.177,0.006,0.236,0.001,0.024,0.000,0.084,0.004
4,8,8,64,52.970,0.042,51.689,0.040,0.330,0.003,0.340,0.006,0.174,0.003,0.324,0.001,0.029,0.001,0.083,0.001
5,12,12,144,54.359,0.066,53.136,0.065,0.263,0.006,0.359,0.001,0.096,0.008,0.427,0.001,0.039,0.001,0.039,0.000
6,16,16,256,80.830,0.055,79.333,0.054,0.287,0.010,0.537,0.001,0.026,0.000,0.577,0.001,0.047,0.000,0.023,0.000
7,20,20,400,116.406,0.234,114.478,0.226,0.314,0.008,0.782,0.005,0.028,0.001,0.718,0.005,0.064,0.002,0.023,0.000
8,24,24,576,168.355,0.701,165.962,0.692,0.369,0.010,1.101,0.007,0.028,0.000,0.762,0.005,0.109,0.000,0.023,0.001
9,32,32,1024,298.230,0.815,294.917,0.804,0.502,0.004,1.818,0.011,0.029,0.000,0.783,0.004,0.156,0.001,0.024,0.000
10,40,40,1600,494.595,1.660,490.092,1.648,0.641,0.008,2.760,0.020,0.030,0.001,0.830,0.006,0.217,0.001,0.024,0.000
11,48,48,2304,756.051,2.105,750.378,2.071,0.833,0.013,3.883,0.025,0.033,0.001,0.536,0.004,0.364,0.002,0.025,0.001
12,64,64,4096,1493.492,3.134,1485.296,3.159,1.273,0.016,6.863,0.050,0.037,0.001,0.000,0.000,0.000,0.000,0.022,0.000
