scale,h,w,tokens,preferred_batch,preferred_img_s,peak_img_s,peak_fraction
0,1,1,1,7,152.529,152.529,1.000
1,2,2,4,7,137.018,137.018,1.000
2,4,4,16,7,136.740,136.740,1.000
3,6,6,36,7,134.613,134.613,1.000
4,8,8,64,7,131.599,131.599,1.000
5,12,12,144,7,87.006,87.006,1.000
6,16,16,256,6,54.093,54.093,1.000
7,20,20,400,4,34.362,34.801,0.987
8,24,24,576,4,23.759,24.662,0.963
9,32,32,1024,4,13.412,13.500,0.993
10,40,40,1600,2,8.009,8.262,0.969
11,48,48,2304,2,5.177,5.345,0.969
12,64,64,4096,1,2.571,2.678,0.960
