scale,h,w,tokens,B1_ms,B1_img_s,B1_speedup_vs_B1,B2_ms,B2_img_s,B2_speedup_vs_B1,B4_ms,B4_img_s,B4_speedup_vs_B1,B6_ms,B6_img_s,B6_speedup_vs_B1,B7_ms,B7_img_s,B7_speedup_vs_B1
0,1,1,1,44.897,22.273,1.000,46.214,43.277,1.943,46.750,85.561,3.841,46.941,127.820,5.739,45.893,152.529,6.848
1,2,2,4,50.177,19.929,1.000,50.654,39.484,1.981,52.641,75.986,3.813,52.045,115.285,5.785,51.088,137.018,6.875
2,4,4,16,50.364,19.855,1.000,51.266,39.012,1.965,52.467,76.238,3.840,52.312,114.696,5.777,51.192,136.740,6.887
3,6,6,36,49.991,20.004,1.000,50.949,39.255,1.962,52.561,76.102,3.804,52.831,113.570,5.677,52.001,134.613,6.729
4,8,8,64,50.431,19.829,1.000,51.153,39.098,1.972,52.970,75.514,3.808,53.493,112.164,5.657,53.192,131.599,6.637
5,12,12,144,51.077,19.578,1.000,52.499,38.096,1.946,54.359,73.585,3.758,74.551,80.482,4.111,80.454,87.006,4.444
6,16,16,256,51.367,19.468,1.000,53.301,37.523,1.927,80.830,49.487,2.542,110.920,54.093,2.779,135.409,51.695,2.655
7,20,20,400,52.488,19.052,1.000,63.393,31.549,1.656,116.406,34.362,1.804,172.411,34.801,1.827,203.245,34.441,1.808
8,24,24,576,52.503,19.047,1.000,93.307,21.435,1.125,168.355,23.759,1.247,243.288,24.662,1.295,287.329,24.362,1.279
9,32,32,1024,87.771,11.393,1.000,158.461,12.621,1.108,298.230,13.412,1.177,450.543,13.317,1.169,518.509,13.500,1.185
10,40,40,1600,129.533,7.720,1.000,249.727,8.009,1.037,494.595,8.087,1.048,737.851,8.132,1.053,847.288,8.262,1.070
11,48,48,2304,201.360,4.966,1.000,386.309,5.177,1.042,756.051,5.291,1.065,1122.641,5.345,1.076,1311.761,5.336,1.075
12,64,64,4096,388.918,2.571,1.000,753.160,2.655,1.033,1493.492,2.678,1.042,2248.973,2.668,1.038,2621.848,2.670,1.038
